leaf_id,n_rows,overall,schema,missingness,drift,leakage,lineage,sample,duplication,constraint
1,9617,0.902500,0.340000,1.000000,1.000000,1.000000,1.000000,1.000000,1.000000,0.880000
2,6215,0.905000,0.360000,1.000000,1.000000,1.000000,1.000000,1.000000,1.000000,0.880000
3,2545,0.902500,0.360000,1.000000,1.000000,1.000000,1.000000,1.000000,1.000000,0.860000
4,1623,0.902500,0.360000,1.000000,1.000000,1.000000,1.000000,1.000000,1.000000,0.860000
