seed,accuracy,brier,nll,ece,populated_leaves,dead_leaves,wall_clock_ms,chain_head_hex,merkle_root_hex
1,0.973913,0.016308,0.085939,0.075972,16,0,192,e9ed695778f42a925c7bb9716fdf5a9ee84abbf45fcc518f737446c2e8406a3c,ad2f4b38253597d0d1e359d618eb65236e8b358b3e03fff3610d535dd310cd28
2,0.939130,0.022640,0.103896,0.079900,16,0,150,34cff5bc91b051b8d008c751080b251f13c0ebea5cc7b9d651e86c6c21a50a47,1bf1d3c399232ce04212688bad443c2849e709f564d9e37b931e5aac89264522
3,0.956522,0.026121,0.107958,0.066796,16,0,154,7e11838a3627ec318371142a8521a6c129cdde381f25f7d196330be030ae0b3e,f7645b3ae1e5899edb8c634306150f388f8c660a04b8e9fd335d8796f790ef0e
4,0.921739,0.032246,0.126003,0.076199,16,0,183,0903dcaa40202f2f139350811acf24343a8fac2b74bcea3ec4aa78007c803e1e,f7e0a98023c1252b77cbd611aa34a5de8403b6334b8705fb97c2dfed2ce38dfa
5,0.965217,0.018830,0.092499,0.072814,16,0,179,2d30c1827c3e8aeab1b944a9069fb737c7279756caf9c0da7751051d190c7656,55e053e5ba835b37bbbc71b9c6cf862ad9e2c0c161986c93a2def4a609139644
